{
  "name": "Avery Chen",
  "archetype": "Burnt-Out Star",
  "floor": 12,
  "occupation": "Former Viral Sensation",
  "financial_status": "OnlyFans residuals",
  "secret": "Runs building hate account @ErosHater69420",
  "building_score": -15,
  "enemies": ["The Building AI"],
  "romantic_putential": ["Javier Mendoza"],
  "voice": {
    "style": "Sarcastic meme-lord",
    "quirks": ["References dead memes", "Types IRL as 'eyeroll'"]
  },
  "plot_hooks": [
    "Building forces her to livestream resident drama",
    "Discovers her face is AI training data"
  ]
}